Park,iNaturalist Species,Synonym
YOSE,Acmispon strigosus,Acmispon strigosus var. hirtellus
YOSE,Acmispon strigosus,Anisolotus hirtellus
YOSE,Acmispon strigosus,Anisolotus nudiflorus
YOSE,Acmispon strigosus,Anisolotus rubellus
YOSE,Acmispon strigosus,Anisolotus strigosus
YOSE,Acmispon strigosus,Hosackia hirtella
YOSE,Acmispon strigosus,Hosackia nudiflora
YOSE,Acmispon strigosus,Hosackia rubella
YOSE,Acmispon strigosus,Hosackia strigosa
YOSE,Acmispon strigosus,Lotus hirtellus
YOSE,Acmispon strigosus,Lotus nudiflorus
YOSE,Acmispon strigosus,Lotus rubellus
YOSE,Acmispon strigosus,Lotus strigosus
YOSE,Corallorhiza striata,Neottia striata
YOSE,Diplacus layneae,Eunanus layneae
YOSE,Diplacus layneae,Mimulus layneae
YOSE,Erythranthe breweri,Mimulus breweri
YOSE,Erythranthe guttata,Mimulus guttatus
YOSE,Erythranthe guttata,Mimulus langsdorffii var. guttatus
YOSE,Erythranthe guttata,Mimulus alsinoides var. paniculatus
YOSE,Erythranthe guttata,Mimulus luteus depauperatus
YOSE,Erythranthe guttata,Mimulus alsinoides paniculats
YOSE,Erythranthe guttata,Mimulus guttatus haidensis
YOSE,Erythranthe guttata,Mimulus platycalyx
YOSE,Erythranthe guttata,Mimulus whipplei
YOSE,Erythranthe laciniata,Mimulus laciniatus
YOSE,Leptosiphon ciliatus,Linanthus ciliatus
YOSE,Leptosiphon ciliatus,Linanthus ciliatus neglectus
YOSE,Leptosiphon ciliatus,Linanthus ciliatus var. ciliatus
YOSE,Maianthemum racemosum,Convallaria ciliata
YOSE,Maianthemum racemosum,Convallaria racemosa L.
YOSE,Maianthemum racemosum,Polygonastrum racemosum
YOSE,Maianthemum racemosum,Sigillaria ciliata
YOSE,Maianthemum racemosum,Sigillaria multiflora
YOSE,Maianthemum racemosum,Smilacina ciliata
YOSE,Maianthemum racemosum,Smilacina flexicaulis
YOSE,Maianthemum racemosum,Smilacina latifolia
YOSE,Maianthemum racemosum,Smilacina racemosa
YOSE,Maianthemum racemosum,Smilacina racemosa var. cylindrata
YOSE,Maianthemum racemosum,Smilacina racemosa f. foliosa
YOSE,Maianthemum racemosum,Smilacina racemosa var. lanceolata
YOSE,Maianthemum racemosum,Tovaria racemosa
YOSE,Maianthemum racemosum,Unifolium racemosum
YOSE,Maianthemum racemosum,Vagnera australis
YOSE,Maianthemum racemosum,Vagnera racemosa
YOSE,Maianthemum racemosum,Vagnera retusa
YOSE,Matricaria discoidea,Artemisia matricarioides
YOSE,Matricaria discoidea,Chamomilla suaveolens
YOSE,Matricaria discoidea,Lepidanthus suaveolens
YOSE,Matricaria discoidea,Lepidotheca suaveolens
YOSE,Matricaria discoidea,Matricaria matricarioides
YOSE,Matricaria discoidea,Matricaria suaveolens
YOSE,Matricaria discoidea,Santolina suaveolens
YOSE,Matricaria discoidea,Tanacetum suaveolens
YOSE,Rubus armeniacus,Rubus discolor
LEWI,Misumena vatia,Araneus vatius
LEWI,Misumena vatia,Misumenops modestus
LEWI,Calidris subruficollis,Tryngites subruficollis
LEWI,Setophaga coronata auduboni,Setophaga auduboni
LEWI,Setophaga coronata auduboni,Dendroica auduboni
LEWI,Setophaga coronata auduboni,Setophaga coronata auduboni
LEWI,Setophaga coronata auduboni,Dendroica coronata auduboni
LEWI,Tringa semipalmata,Scolopax semipalmatus
LEWI,Tringa semipalmata,Catoptrophorus semipalmatus
LEWI,Tringa semipalmata,Totanus semipalmatus
LEWI,Amanita muscaria,Amanita muscaria formosa
LEWI,Cladonia bellidiflora,Lichen bellidiflorus
LEWI,Coprinus comatus,Agaricus cylindricus
LEWI,Coprinus comatus,Agaricus comatus
LEWI,Coprinus comatus,Agaricus vaillantii
LEWI,Dacrymyces chrysospermus,Dacrymyces palmatus
LEWI,Lichenomphalia umbellifera,Agaricus umbelliferus
LEWI,Lichenomphalia umbellifera,Byssus botryoides
LEWI,Lichenomphalia umbellifera,Lichen botryoides
LEWI,Lichenomphalia umbellifera,Tremella botryoides
LEWI,Lichenomphalia umbellifera,Lepra botryoides
LEWI,Lichenomphalia umbellifera,Agaricus epiphyllus
LEWI,Lichenomphalia umbellifera,Agaricus ericetorum
LEWI,Lichenomphalia umbellifera,Merulius umbelliferus
LEWI,Lichenomphalia umbellifera,Phytoconis botryoides
LEWI,Lichenomphalia umbellifera,Lepraria botryoides
LEWI,Lichenomphalia umbellifera,Palmella botryoides
LEWI,Lichenomphalia umbellifera,Micromphale ericetorum
LEWI,Lichenomphalia umbellifera,Merulius turfosus
LEWI,Lichenomphalia umbellifera,Agaricus androsaceus
LEWI,Lichenomphalia umbellifera,Botrydina vulgaris
LEWI,Lichenomphalia umbellifera,Omphalia umbellifera
LEWI,Lichenomphalia umbellifera,Clitocybe ericetorum
LEWI,Lichenomphalia umbellifera,Omphalina umbellifera
LEWI,Lichenomphalia umbellifera,Omphalia umbellifera var. nivea
LEWI,Lichenomphalia umbellifera,Omphalia umbellifera f. albida
LEWI,Lichenomphalia umbellifera,Omphalia umbellifera f. bispora
LEWI,Lichenomphalia umbellifera,Omphalia ericetorum
LEWI,Lichenomphalia umbellifera,Omphalina ericetorum
LEWI,Lichenomphalia umbellifera,Clitocybe umbellifera
LEWI,Lichenomphalia umbellifera,Gerronema ericetorum
LEWI,Lichenomphalia umbellifera,Botrydina botryoides
LEWI,Lichenomphalia umbellifera,Phytoconis ericetorum
LEWI,Lichenomphalia umbellifera,Gerronema ericetorum f. bisporum
LEWI,Lichenomphalia umbellifera,Lichenomphalia umbellifera f. bispora
LEWI,Panus conchatus,Agaricus conchatus
LEWI,Panus conchatus,Agaricus inconstans var. conchatus
LEWI,Panus conchatus,Lentinus conchatus
LEWI,Panus conchatus,Pocillaria conchata
LEWI,Panus conchatus,Lentinopanus conchatus
LEWI,Panus conchatus,Panus torulosus var. conchatus
LEWI,Trametes versicolor,Boletus versicolor
LEWI,Trametes versicolor,Polyporus versicolor
LEWI,Trametes versicolor,Coriolus versicolor
LEWI,Acronicta dactylina,Acronicta hesperida
LEWI,Anania tertialis,Ebulea tertialis
LEWI,Anania tertialis,Botys syringicola
LEWI,Anax junius,Anax junus
LEWI,Anticlea vasiliata,Anticlea vasaliata
LEWI,Anticlea vasiliata,Anticlea spilosaria
LEWI,Anticlea vasiliata,Anticlea rigidata
LEWI,Anticlea vasiliata,Anticlea niveifasciata
LEWI,Autographa corusca,Plusia corusca
LEWI,Bombus melanopygus,Bombus edwardsii
LEWI,Callophrys eryphon,Incisalia eryphon
LEWI,Chionodes mediofuscella,Gelechia mediofuscella
LEWI,Chionodes mediofuscella,Gelechia vagella
LEWI,Chionodes mediofuscella,Depressaria fuscoochrella
LEWI,Chionodes mediofuscella,Gelechia (Lita) liturosella
LEWI,Chionodes mediofuscella,Gelechia rhedaria
LEWI,Chrysoteuchia topiarius,Crambus topiarius
LEWI,Chrysoteuchia topiarius,Chrysoteuchia topiaria
LEWI,Chrysoteuchia topiarius,Chrysoteuchia hortuellus topiarius
LEWI,Chrysoteuchia topiarius,Crambus toparius
LEWI,Chrysoteuchia topiarius,Crambus topiarius vachellellus
LEWI,Chrysoteuchia topiarius,Crambus vachelellus
LEWI,Ctenucha rubroscapus,Claucopis rubroscapus
LEWI,Ctenucha rubroscapus,Ctenucha ochroscapus
LEWI,Ctenucha rubroscapus,Ctenucha corvina
LEWI,Ctenucha rubroscapus,Ctenucha walsinghamii
LEWI,Diabrotica undecimpunctata,Diabotrica undecimpunctata
LEWI,Epitheca spinigera,Tetragoneuria spinigera
LEWI,Eupithecia rotundopuncta,Eupithecia californiata
LEWI,Eupithecia rotundopuncta,Eupithecia rotundopunctata
LEWI,Idia americalis,Idia pulverosa
LEWI,Idia americalis,Idia scriptipennis
LEWI,Larinus planus,Larinus carlinae
LEWI,Lepturobosca chrysocoma,Cosmosalia chrysocoma
LEWI,Lophocampa argentata,Halysidota argentata
LEWI,Lophocampa argentata,Halisidota subalpina
LEWI,Mythimna unipuncta,Pseudaletia unipuncta
LEWI,Mythimna unipuncta,Noctua unipuncta
LEWI,Mythimna unipuncta,Leucania extranea
LEWI,Mythimna unipuncta,Cirphis unipuncta
LEWI,Mythimna unipuncta,Heliophila unipuncta
LEWI,Mythimna unipuncta,Sideridis unipuncta
LEWI,Noctua pronuba,Phalaena (Noctua) pronuba Linnaeus
LEWI,Noctua pronuba,Noctua connuba
LEWI,Noctua pronuba,Triphaena innuba
LEWI,Noctua pronuba,Triphaena pronuba var. hoegei
LEWI,Noctua pronuba,Agrotis pronuba var. nigra
LEWI,Noctua pronuba,Rhyacia pronuba f. decolorata
LEWI,Orgyia antiqua,Notolophus antiqua
LEWI,Orgyia antiqua,Orgyia confinis
LEWI,Orgyia antiqua,Orgyia gonostigma
LEWI,Orgyia antiqua,Orgyia recens
LEWI,Orgyia antiqua,Phalaena antiqua
LEWI,Orgyia antiqua,Phalaena paradoxa
LEWI,Panthea virginarius,Panthea potlandia
LEWI,Panthea virginarius,Biston virginarius
LEWI,Panthea virginarius,Lycia virginaria
LEWI,Panthea virginarius,Panthea virginaria
LEWI,Panthea virginarius,Panthea angelica
LEWI,Panthea virginarius,Panthea portlandia
LEWI,Panthea virginarius,Panthea suffusa
LEWI,Pero morrisonaria,Pero morrisonatus
LEWI,Pieris marginalis,Pieris napi marginalis
LEWI,Plathemis lydia,Libellula lydia
LEWI,Platyprepia virginalis,Chelonia virginalis Boisduval
LEWI,Platyprepia virginalis,Agarista virginalis var. guttata
LEWI,Platyprepia virginalis,Epicallia virginalis var. ochracea
LEWI,Probole amicaria,Metrocampa amicaria
LEWI,Rhionaeschna californica,Aeshna californica
LEWI,Rhionaeschna multicolor,Aeshna multicolor
LEWI,Spilosoma virginica,Diacrisia virginica
LEWI,Sympetrum madidum,Sympetrum chrysopteron
LEWI,Sympetrum madidum,Sympetrum flavicosta
LEWI,Tetracis jubararia,Synaxis jubararia
LEWI,Tetracis jubararia,Synaxis jubararia sericeata
LEWI,Tyria jacobaeae,Phalaena jacobaeae
LEWI,Tyria jacobaeae,Noctua jacobaeae
LEWI,Tyria jacobaeae,Hippocrita jacobaeae f. confluens
LEWI,Tyria jacobaeae,Callimorpha senecionis
LEWI,Tyria jacobaeae,Euchelia jacobaea ab. flavescens
LEWI,Udea profundalis,Botis profundalis
LEWI,Arion subfuscus,Arion subfuscous
LEWI,Cornu aspersum,Helix aspersa
LEWI,Allium cernuum,Allium alatum
LEWI,Allium cernuum,Allium allegheniense
LEWI,Allium cernuum,Allium cernuum f. alba
LEWI,Allium cernuum,Allium cernuum subsp. neomexicanum
LEWI,Allium cernuum,Allium cernuum var. neomexicanum
LEWI,Allium cernuum,Allium cernuum f. obtusum
LEWI,Allium cernuum,Allium cernuum var. obtusum
LEWI,Allium cernuum,Allium cernuum subsp. obtusum
LEWI,Allium cernuum,Allium cernuum var. obtusum
LEWI,Allium cernuum,Allium neomexicanum
LEWI,Allium cernuum,Allium nutans
LEWI,Allium cernuum,Allium oxyphilum
LEWI,Allium cernuum,Allium recurvatum
LEWI,Allium cernuum,Allium tricorne
LEWI,Allium cernuum,Calliprena cernua
LEWI,Allium cernuum,Cepa cernua
LEWI,Allium cernuum,Gynodon cernuum
LEWI,Allium cernuum,Gynodon elliotii
LEWI,Allium cernuum,Gynodon rupestre
LEWI,Castilleja miniata,Castilleja elata
LEWI,Castilleja miniata,Castilleja gracillima
LEWI,Castilleja miniata,Castilleja uliginosa
LEWI,Fallopia _ bohemica,Reynoutria _ bohemica
LEWI,Holodiscus discolor,Holodiscus ariifolius
LEWI,Holodiscus discolor,Holodiscus franciscanus
LEWI,Holodiscus discolor,Schizonotus argenteus var. ariifolius
LEWI,Holodiscus discolor,Schizonotus argenteus var. discolor
LEWI,Holodiscus discolor,Schizonotus ariifolius
LEWI,Holodiscus discolor,Schizonotus discolor
LEWI,Holodiscus discolor,Sericotheca discolor
LEWI,Holodiscus discolor,Sericotheca franciscana
LEWI,Holodiscus discolor,Spiraea ariifolia
LEWI,Holodiscus discolor,Spiraea discolor
LEWI,Holodiscus discolor,Thecanisia discolor
LEWI,Impatiens x pacifica,Impatiens capensis
LEWI,Impatiens x pacifica,Impatiens biflora
LEWI,Impatiens x pacifica,Impatiens fulva
LEWI,Marah oregana,Marah oreganus
LEWI,Plantago maritima,Arnoglossum gramineum
LEWI,Plantago maritima,Arnoglossum maritimum
LEWI,Plantago maritima,Plantaginella maritima
LEWI,Plantago maritima,Plantago juncoides
LEWI,Plantago maritima,Plantago salsa
LEWI,Plantago maritima,Plantago serpentina
LEWI,Populus trichocarpa,Populus balsamifera subsp. trichocarpa
LEWI,Ricciocarpos natans,Riccia capillata
LEWI,Ricciocarpos natans,Riccia lutescens
LEWI,Ricciocarpos natans,Riccia natans
LEWI,Ricciocarpos natans,Riccia velutina
LEWI,Ricciocarpos natans,Ricciocarpus velutinus
LEWI,Fuligo septica,Mucor septicus
LEWI,Fuligo septica,Reticularia septica
LEWI,Fuligo septica,Aethalium septicum
SAGU,Anaxyrus punctatus,Bufo punctatus
SAGU,Gastrophryne mazatlanensis,Gastrophryne olivacea
SAGU,Incilius alvarius,Bufo alvarius
SAGU,Lithobates catesbeianus,Rana catesbeiana
SAGU,Lithobates catesbeianus,Rana pipiens
SAGU,Lithobates catesbeianus,Rana taurina
SAGU,Lithobates catesbeianus,Rana mugiens
SAGU,Lithobates catesbeianus,Rana scapularis
SAGU,Lithobates catesbeianus,Rana conspersa
SAGU,Lithobates catesbeianus,Rana catesbyana
SAGU,Lithobates catesbeianus,Rana catesbyana
SAGU,Lithobates catesbeianus,Rana nantaiwuensis
SAGU,Lithobates catesbeianus,Rana mugicus
SAGU,Lithobates catesbeianus,Rana catesbyana
SAGU,Lithobates yavapaiensis,Rana yavapaiensis
SAGU,Aechmophorus occidentalis,Aechmophorus lucasi
SAGU,Aechmophorus occidentalis,Aechmophorus occidentalis lucasi
SAGU,Aechmophorus occidentalis,Aechmophorus occidentalis occidentalis
SAGU,Aix sponsa,Anas sponsa
SAGU,Anas acuta,Dafila acuta
SAGU,Anas crecca,Anas crecca crecca
SAGU,Anas crecca,Anas crecca nimia
SAGU,Anser anser,Anas anser
SAGU,Anser caerulescens,Anas caerulescens
SAGU,Anser caerulescens,Chen caerulescens
SAGU,Anser caerulescens,Anser hyperboreus
SAGU,Anser caerulescens,Chen hyperborea
SAGU,Ardea alba,Casmerodius albus
SAGU,Ardea alba,Egretta alba
SAGU,Athene cunicularia,Strix cunicularia
SAGU,Athene cunicularia,Speotyto cunicularia
SAGU,Athene cunicularia,Spheotyto cunicularia
SAGU,Aythya affinis,Fuligula affinis
SAGU,Aythya valisineria,Aythya vallisneria
SAGU,Branta canadensis,Anas canadensis
SAGU,Bucephala albeola,Anas albeola
SAGU,Bucephala albeola,Charitonetta albeola
SAGU,Buteo plagiatus,Asturina plagiata
SAGU,Buteo plagiatus,Buteo nitidus plagiatus
SAGU,Buteo plagiatus,Asturina nitida plagiata
SAGU,Butorides virescens,Ardea virescens
SAGU,Cardellina pusilla,Wilsonia pusilla
SAGU,Cardellina pusilla,Myiodioctes pusillus
SAGU,Circus hudsonius,Circus cyaneus hudsonius
SAGU,Cistothorus palustris,Telmatodytes palustris
SAGU,Dryobates scalaris,Dendrocopos scalaris
SAGU,Dryobates scalaris,Picoides scalaris
SAGU,Egretta thula,Ardea thula
SAGU,Egretta thula,Leucophoyx thula
SAGU,Fulica americana,Fulica hesterna
SAGU,Gallinula galeata,Gallinula brodkorbi
SAGU,Geothlypis trichas,Turdus trichas
SAGU,Haemorhous mexicanus,Burrica mexicana
SAGU,Haemorhous mexicanus,Carpodacus mexicanus
SAGU,Himantopus mexicanus,Himantopus mexicanus mexicanus
SAGU,Icterus galbula,Coracias galbula
SAGU,Icterus galbula,Oriolus galbula
SAGU,Mareca americana,Anas americana
SAGU,Mareca strepera,Anas strepera
SAGU,Melozone aberti,Pipilo aberti
SAGU,Melozone aberti,Pyrgisoma aberti
SAGU,Melozone fusca,Melozone fuscus
SAGU,Melozone fusca,Pipilo fuscus
SAGU,Mergus merganser,Merganser americanus
SAGU,Mniotilta varia,Motacilla varia
SAGU,Nycticorax nycticorax,Ardea nycticorax
SAGU,Oxyura jamaicensis,Erismatura jamaicensis
SAGU,Peucaea carpalis,Aimophila carpalis
SAGU,Phalacrocorax auritus,Carbo auritus
SAGU,Phalacrocorax auritus,Dilophalieus auritus
SAGU,Phalacrocorax auritus,Phalacrocorax dilophus
SAGU,Phalacrocorax brasilianus,Phalacrocorax olivaceus
SAGU,Phalacrocorax brasilianus,Phalacrocorax pampeanus
SAGU,Phalacrocorax brasilianus,Phalacrocorax vigua
SAGU,Phalacrocorax brasilianus,Nannopterum brasilianus
SAGU,Phalacrocorax brasilianus,Nannopterum brasiliensis
SAGU,Phalaropus tricolor,Steganopus tricolor
SAGU,Plegadis chihi,Plegadis falcinellus chihi
SAGU,Plegadis chihi,Plegadis falcinellus mexicana
SAGU,Podilymbus podiceps,Colymbus podiceps
SAGU,Porphyrio martinica,Fulica martinica
SAGU,Porphyrio martinica,Porphyrio martinica
SAGU,Porzana carolina,Rallus carolinus
SAGU,Setophaga coronata,Motacilla coronata
SAGU,Dendroica nigrescens,Dendroica coronata
SAGU,Setophaga nigrescens,Sylvia nigrescens
SAGU,Setophaga nigrescens,Vermivora nigrescens
SAGU,Setophaga nigrescens,Sylvicola nigrescens
SAGU,Setophaga nigrescens,Sylvia halseii
SAGU,Setophaga nigrescens,Mniotilta nigrescens
SAGU,Setophaga nigrescens,Rhimanphus nigrescens
SAGU,Setophaga nigrescens,Sylvicola nigricans
SAGU,Setophaga nigrescens,Dendroica nigrescens
SAGU,Setophaga petechia,Dendroica petechia
SAGU,Setophaga petechia,Dendroica aestiva
SAGU,Spatula clypeata,Anas clypeata
SAGU,Spatula cyanoptera,Anas cyanoptera
SAGU,Spatula discors,Querquedula discors
SAGU,Spatula discors,Anas discors
SAGU,Spinus psaltria,Carduelis psaltria
SAGU,Spinus psaltria,Astragalinus psaltria
SAGU,Tringa solitaria,Helodromas solitarius
SAGU,Otospermophilus variegatus,Spermophilus variegatus
SAGU,Ovis canadensis,O. cervina
SAGU,Ovis canadensis,O. montana
SAGU,Xerospermophilus tereticaudus,Spermophilus tereticaudus
SAGU,Acmispon brachycarpus,Anisolotus brachycarpus
SAGU,Acmispon brachycarpus,Anisolotus trispermus
SAGU,Acmispon brachycarpus,Hosackia brachycarpa
SAGU,Acmispon brachycarpus,Hosackia trisperma
SAGU,Acmispon brachycarpus,Lotus humistratus
SAGU,Acmispon brachycarpus,Lotus trispermus
SAGU,Agave americana,Agave altissima
SAGU,Agave americana,Agave americana var. marginata
SAGU,Agave americana,Agave americana var. mediopicta
SAGU,Agave americana,Agave americana var. picta
SAGU,Agave americana,Agave americana f. picta
SAGU,Agave americana,Agave americana var. striata
SAGU,Agave americana,Agave americana var. subtilis
SAGU,Agave americana,Agave americana var. theometel
SAGU,Agave americana,Agave americana var. variegata
SAGU,Agave americana,Agave americana f. virginica
SAGU,Agave americana,Agave communis
SAGU,Agave americana,Agave complicata
SAGU,Agave americana,Agave cordillerensis
SAGU,Agave americana,Agave felina
SAGU,Agave americana,Agave fuerstenbergii
SAGU,Agave americana,Agave gracilispina
SAGU,Agave americana,Agave ingens
SAGU,Agave americana,Agave melliflua
SAGU,Agave americana,Agave milleri
SAGU,Agave americana,Agave ornata
SAGU,Agave americana,Agave picta
SAGU,Agave americana,Agave ramosa
SAGU,Agave americana,Agave salmiana var. gracilispina
SAGU,Agave americana,Agave subtilis
SAGU,Agave americana,Agave subzonata
SAGU,Agave americana,Agave theometel
SAGU,Agave americana,Agave variegata
SAGU,Agave americana,Agave virginica
SAGU,Agave americana,Agave zonata
SAGU,Antigonon leptopus,Antigonon amabie
SAGU,Antigonon leptopus,Antigonon cinerascens
SAGU,Antigonon leptopus,Antigonon cordatum
SAGU,Antigonon leptopus,Antigonon platypus
SAGU,Antigonon leptopus,Corculum leptopus
SAGU,Aphyllon cooperi,Orobanche cooperi
SAGU,Beta vulgaris,Beta cicla
SAGU,Beta vulgaris,Beta crispa
SAGU,Beta vulgaris,Beta esculenta
SAGU,Beta vulgaris,Beta sulcata
SAGU,Caesalpinia pulcherrima,Caesalpinia lutea
SAGU,Caesalpinia pulcherrima,Poinciana pulcherrima
SAGU,Cenchrus ciliaris,Pennisetum ciliare
SAGU,Cenchrus ciliaris,Pennisetum cenchroides
SAGU,Condea emoryi,Hyptis emoryi
SAGU,Corallorhiza maculata,Cladorhiza maculata
SAGU,Corallorhiza maculata,Corallorhiza multiflora
SAGU,Corallorhiza maculata,Neottia multiflora
SAGU,Cottsia gracilis,Janusia gracilis
SAGU,Cylindropuntia acanthocarpa,Opuntia acanthocarpa
SAGU,Cylindropuntia arbuscula,Opuntia arbuscula
SAGU,Cylindropuntia bigelovii,Opuntia bigelovii
SAGU,Cylindropuntia fulgida,Opuntia fulgida
SAGU,Cylindropuntia imbricata,Opuntia imbricata
SAGU,Cylindropuntia leptocaulis,Opuntia leptocaulis
SAGU,Cylindropuntia spinosior,Opuntia spinosior
SAGU,Cylindropuntia versicolor,Opuntia versicolor
SAGU,Dieteria asteroides,Aster amplifolius
SAGU,Dieteria asteroides,Dieteria asteroides
SAGU,Dieteria asteroides,Machaeranthera amplifolia
SAGU,Dieteria asteroides,Machaeranthera pruinosa
SAGU,Dieteria asteroides,Machaeranthera simplex
SAGU,Dieteria asteroides,Machaeranthera verna
SAGU,Dieteria asteroides,Machaeranthera lagunensis
SAGU,Erythranthe guttata,Mimulus guttatus
SAGU,Erythranthe guttata,Mimulus langsdorffii var. guttatus
SAGU,Eulobus californicus,Camissonia californica
SAGU,Eulobus californicus,Oenothera leptocarpa
SAGU,Lepidium oblongum,Lepidium greenei
SAGU,Lepidium oblongum,Lepidium oblongum var. insulare
SAGU,Lonicera japonica,Caprifolium chinense
SAGU,Lonicera japonica,Caprifolium japonicum
SAGU,Lonicera japonica,Caprifolium roseum
SAGU,Lonicera japonica,Lonicera brachypoda
SAGU,Lonicera japonica,Lonicera chinensis
SAGU,Lonicera japonica,Lonicera fauriei
SAGU,Lonicera japonica,Lonicera shintenensis
SAGU,Lysimachia arvensis,Lysimachia arvensis
SAGU,Medicago polymorpha,M. apiculata
SAGU,Medicago polymorpha,M. denticulata
SAGU,Medicago polymorpha,M. hispida
SAGU,Medicago polymorpha,M. lappacea
SAGU,Medicago polymorpha,M. loretii
SAGU,Medicago polymorpha,M. nigra
SAGU,Medicago polymorpha,M. pentacycla
SAGU,Medicago polymorpha,M. polycarpa
SAGU,Medicago polymorpha,M. reticulata
SAGU,Medicago polymorpha,M. terebellum
SAGU,Nama demissa,Nama demissum
SAGU,Nama hispida,Nama hispidum
SAGU,Parkinsonia aculeata,Inga pyriformis
SAGU,Parkinsonia aculeata,Mimosa pedunculata
SAGU,Parkinsonia aculeata,Parkia harbesonii
SAGU,Parkinsonia aculeata,Parkia macropoda
SAGU,Phoenix dactylifera,Palma dactylifera
SAGU,Phoenix dactylifera,Phoenix chevalieri
SAGU,Phoenix dactylifera,Phoenix iberica
SAGU,Physaria gordonii,Lesquerella gordonii
SAGU,Physaria gordonii,Vesicaria gordonii
SAGU,Physaria gordonii,Alyssum gordonii
SAGU,Pistacia chinensis,Pistacia formosana
SAGU,Pistacia chinensis,Pistacia integerrima
SAGU,Pistacia chinensis,Pistacia philippinensis
SAGU,Pistacia chinensis,Rhus argyi
SAGU,Pistacia chinensis,Rhus gummifera
SAGU,Plumbago zeylanica,Plumbago scandens
SAGU,Punica granatum,Punica florida
SAGU,Punica granatum,Punica grandiflora
SAGU,Punica granatum,Punica nana
SAGU,Punica granatum,Punica spinosa
SAGU,Searsia lancea,Rhus lancea
SAGU,Searsia lancea,Toxicodendron lanceum
SAGU,Senna artemisioides,Cassia artemisioides
SAGU,Senna artemisioides,Cassia eremophila
SAGU,Senna artemisioides,Cassia helmsii
SAGU,Senna artemisioides,Cassia oligophylla
SAGU,Senna artemisioides,Cassia sturtii
SAGU,Tradescantia pallida,Setcreasea pallida
SAGU,Tradescantia pallida,Setcreasea purpurea
SAGU,Trifolium repens,Amoria repens
SAGU,Trifolium repens,Lotodes repens
SAGU,Trifolium repens,Trifolium limonium
SAGU,Trifolium repens,Trifolium stipitatum
SAGU,Trifolium repens,Trifolium macrorrhizum
SAGU,Trifolium repens,Trifolium nevadense
SAGU,Trifolium repens,Trifolium orbelicum
SAGU,Trifolium repens,Trifolium orphanideum
SAGU,Trifolium repens,Trifolium biasolettii
SAGU,Trifolium repens,Trifolium occidentale
SAGU,Vachellia constricta,Acacia constricta
SAGU,Vachellia farnesiana,Acacia farnesiana var. farnesiana
SAGU,Vachellia farnesiana,Acacia acicularis
SAGU,Vachellia farnesiana,Acacia densiflora
SAGU,Vachellia farnesiana,Acacia farnesiana
SAGU,Vachellia farnesiana,Acacia farnesiana var. lenticellata
SAGU,Vachellia farnesiana,Acacia ferox
SAGU,Vachellia farnesiana,Acacia indica
SAGU,Vachellia farnesiana,Acacia lenticellata
SAGU,Vachellia farnesiana,Acacia pedunculata
SAGU,Vachellia farnesiana,Acacia pinetorum
SAGU,Vachellia farnesiana,Acacia smallii
SAGU,Vachellia farnesiana,Farnesia odora
SAGU,Vachellia farnesiana,Farnesiana odora
SAGU,Vachellia farnesiana,Mimosa acicularis
SAGU,Vachellia farnesiana,Mimosa farnesiana
SAGU,Vachellia farnesiana,Mimosa indica
SAGU,Vachellia farnesiana,Mimosa suaveolens
SAGU,Vachellia farnesiana,Pithecellobium acuminatum
SAGU,Vachellia farnesiana,Pithecellobium minutum
SAGU,Vachellia farnesiana,Popanax farnesiana
SAGU,Vachellia farnesiana,Poponax farnesiana
SAGU,Vachellia farnesiana,Vachellia densiflora
SAGU,Zeltnera arizonica,Centaurium arizonicum
SAGU,Aspidoscelis exsanguis,Cnemidophorus sacki exsanguis
SAGU,Aspidoscelis exsanguis,Cnemidophorus exsanguis
SAGU,Aspidoscelis tigris,Cnemidophorus tigris
SAGU,Aspidoscelis uniparens,Cnemidophorus uniparens
SAGU,Ctenosaura conspicuosa,Ctenosaura hemilopha conspicuosa
SAGU,Gopherus morafkai,Xerobates agassizii
SAGU,Gopherus morafkai,Testudo agassizii
SAGU,Gopherus morafkai,Xerobates agassizi
SAGU,Gopherus morafkai,Gopherus agassizii
SAGU,Gopherus morafkai,Testudo aggassizi
SAGU,Gopherus morafkai,Testudo agassizi
SAGU,Gopherus morafkai,Gopherus agassizi
SAGU,Gopherus morafkai,Testudo agasizzi
SAGU,Gopherus morafkai,Gopherus polyphemus agassizii
SAGU,Gopherus morafkai,Gopherus agassiz
SAGU,Gopherus morafkai,Gopherus polyphemus agassizi
SAGU,Gopherus morafkai,Geochelone agassizii
SAGU,Gopherus morafkai,Scaptochelys agassizii
SAGU,Gopherus morafkai,Scaptochelys agassizi
SAGU,Graptemys pseudogeographica,Emys pseudogeographica
SAGU,Graptemys pseudogeographica,Emys lesueurii
SAGU,Graptemys pseudogeographica,Graptemys lesueurii
SAGU,Graptemys pseudogeographica,Clemmys pseudogeographica
SAGU,Graptemys pseudogeographica,Graptemys pseudogeographica
SAGU,Graptemys pseudogeographica,Malacoclemmys pseudogeographicus
SAGU,Graptemys pseudogeographica,Malacoclemmys lesueuri
SAGU,Graptemys pseudogeographica,Malacoclemmys pseudographicus
SAGU,Graptemys pseudogeographica,Malacoclemmys lesueurii
SAGU,Graptemys pseudogeographica,Malaclemys pseudogeographica
SAGU,Graptemys pseudogeographica,Malaclemys pseudogeographicus
SAGU,Graptemys pseudogeographica,Graptemys pseudogeographicus
SAGU,Graptemys pseudogeographica,Graptemys pseudogeographica pseudogeographica
SAGU,Graptemys pseudogeographica,Malaclemys pseudogeographica pseudogeographica
SAGU,Graptemys pseudogeographica,Graptemys pseudogeoraphica
SAGU,Graptemys pseudogeographica,Graptemys pseudogeographica pseudogeographica
SAGU,Graptemys pseudogeographica,Graptemys pseudogeographica pseudogeographica
SAGU,Hypsiglena chlorophaea,Hypsiglena torquata
SAGU,Lampropeltis californiae,Coluber (Ophis) californiae
SAGU,Lampropeltis californiae,Lampropeltis californiae
SAGU,Lampropeltis californiae,Ophibolus getulus californiae
SAGU,Lampropeltis splendida,Ophibolus splendidus
SAGU,Lampropeltis splendida,Lampropeltis splendida
SAGU,Lampropeltis splendida,Ophibolus getulus splendidus
SAGU,Lampropeltis splendida,Lampropeltis getulus splendida
SAGU,Rena humilis,Stenostoma humile
SAGU,Rena humilis,Glauconia humilis
SAGU,Rena humilis,Stenostoma humile
SAGU,Rena humilis,Siagonodon humilis
SAGU,Rena humilis,Leptotyphlops humilis
SAGU,Rena humilis,Leptotyphlops humilis humilis
SAGU,Rena humilis,Leptotyphlops chumilis
SAGU,Sceloporus bimaculosus,Sceloporus magister
SAGU,Sceloporus cowlesi,Sceloporus undulatus cowlesi
SAGU,Sceloporus cowlesi,Sceloporus cowlesi
SAGU,Thamnophis marcianus,Eutainia marciana
SAGU,Thamnophis marcianus,Thamnophis marcianus
,,
,,
,,
,,
,,
,,
,,
,,
,,
,,
,,
,,
,,
,,
,,
,,
,,
,,
,,
,,
,,
,,
,,
,,
,,
,,
,,
,,
,,
,,
,,
,,
,,
,,
,,
,,
,,
,,
,,
,,
,,
,,
,,
,,
,,
,,
,,
,,
,,
,,
,,
,,
,,
,,
,,
,,
,,
,,
,,
,,
,,
,,
,,
,,
,,
,,
,,
,,
,,
,,
,,
,,
,,
,,
,,
,,
,,
,,
,,
,,
,,
,,
,,
,,
,,
,,
,,
,,
,,
,,
,,
,,
,,
,,
,,
,,
,,
,,
,,
,,
,,
,,
,,
,,
,,
,,
,,
,,
,,
,,
,,
,,
,,
,,
,,
,,
,,
,,
,,
,,
,,
,,
,,
,,
,,
,,
,,
,,
,,
,,
,,
,,
,,
,,
,,
,,
,,
,,
,,
,,
,,
,,
,,
,,
,,
,,
,,
,,
,,
,,
,,
,,
,,
,,
,,
,,
,,
,,
,,
,,
,,
,,
,,
,,
,,
,,
,,
,,
,,
,,
,,
,,
,,
,,
,,
,,
,,
,,
,,
,,
,,
,,
,,
,,
,,
,,
,,
,,
,,
,,
,,
,,
,,
,,
,,
,,
,,
,,
,,
,,
,,
,,
,,
,,
,,
,,
,,
,,
,,
,,
,,
,,
,,
,,
,,
,,
,,
,,
,,
,,
,,
,,
,,
,,
,,
,,
,,
,,
,,
,,
,,
,,
,,
,,
,,
,,
,,
,,
,,
,,
,,
,,
,,
,,
,,
,,
,,
,,
,,
,,
,,
,,
,,
,,
,,
,,
,,
,,
,,
,,
,,
,,
,,
,,
,,
,,
,,
,,
,,
,,
,,
,,
,,
,,
,,
,,
,,
,,
,,
,,
,,
,,
,,
,,
,,
,,
,,
,,
,,
,,
,,
,,
,,
,,
,,
,,
,,
,,
,,
,,
,,
,,
,,
,,
,,
,,
,,
,,
,,
,,
,,
,,
,,
,,
,,
,,
,,
,,
,,
,,
,,
,,
,,
,,
,,
,,
,,
,,
,,
,,
,,
,,
,,
,,
,,
,,
,,
,,
,,
,,
,,
,,
,,
,,
,,
,,
,,
,,
,,
,,
,,
,,
,,
,,
,,
,,
,,
,,
,,
,,
,,
,,
,,
,,
,,
,,
,,
,,
,,
,,
,,
,,
,,
,,
,,
,,
,,
,,
,,
,,
,,
,,
,,
,,
,,
,,
,,
,,
,,
,,
,,
,,
,,
,,
,,
,,
,,
,,
,,
,,
,,
,,
,,
,,
,,
,,
,,
,,
,,
,,
,,
,,
,,
,,
,,
,,
,,
,,
,,
,,
,,
,,
,,
,,
,,
,,
,,
,,
,,